"Statistic","Month","Meteorological Weather Station","UNIT","VALUE"
"Most Sunshine Hours in a Day","1958M01","Mullingar","Number","7.1"
"Most Sunshine Hours in a Day","1958M02","Mullingar","Number","9.9"
"Most Sunshine Hours in a Day","1958M03","Mullingar","Number","9.2"
"Most Sunshine Hours in a Day","1958M04","Mullingar","Number","12.2"
"Most Sunshine Hours in a Day","1958M05","Mullingar","Number","12.6"
"Most Sunshine Hours in a Day","1958M06","Mullingar","Number","13.2"
"Most Sunshine Hours in a Day","1958M07","Mullingar","Number","12.4"
"Most Sunshine Hours in a Day","1958M08","Mullingar","Number","11.9"
"Most Sunshine Hours in a Day","1958M09","Mullingar","Number","10.6"
"Most Sunshine Hours in a Day","1958M10","Mullingar","Number","8.3"
"Most Sunshine Hours in a Day","1958M11","Mullingar","Number","6.2"
"Most Sunshine Hours in a Day","1958M12","Mullingar","Number","6.6"
"Most Sunshine Hours in a Day","1959M01","Mullingar","Number","7.8"
"Most Sunshine Hours in a Day","1959M02","Mullingar","Number","8.1"
"Most Sunshine Hours in a Day","1959M03","Mullingar","Number","9.9"
"Most Sunshine Hours in a Day","1959M04","Mullingar","Number","12.5"
"Most Sunshine Hours in a Day","1959M05","Mullingar","Number","15.1"
"Most Sunshine Hours in a Day","1959M06","Mullingar","Number","15.8"
"Most Sunshine Hours in a Day","1959M07","Mullingar","Number","13.2"
"Most Sunshine Hours in a Day","1959M08","Mullingar","Number","12.1"
"Most Sunshine Hours in a Day","1959M09","Mullingar","Number","11.5"
"Most Sunshine Hours in a Day","1959M10","Mullingar","Number","9.7"
"Most Sunshine Hours in a Day","1959M11","Mullingar","Number","8.2"
"Most Sunshine Hours in a Day","1959M12","Mullingar","Number","4.9"
"Most Sunshine Hours in a Day","1960M01","Mullingar","Number","7"
"Most Sunshine Hours in a Day","1960M02","Mullingar","Number","8.9"
"Most Sunshine Hours in a Day","1960M03","Mullingar","Number","10.7"
"Most Sunshine Hours in a Day","1960M04","Mullingar","Number","13"
"Most Sunshine Hours in a Day","1960M05","Mullingar","Number","13.9"
"Most Sunshine Hours in a Day","1960M06","Mullingar","Number","13.8"
"Most Sunshine Hours in a Day","1960M07","Mullingar","Number","10.6"
"Most Sunshine Hours in a Day","1960M08","Mullingar","Number","13.3"
"Most Sunshine Hours in a Day","1960M09","Mullingar","Number","11"
"Most Sunshine Hours in a Day","1960M10","Mullingar","Number","9.2"
"Most Sunshine Hours in a Day","1960M11","Mullingar","Number","7.4"
"Most Sunshine Hours in a Day","1960M12","Mullingar","Number","6.2"
"Most Sunshine Hours in a Day","1961M01","Mullingar","Number","6.8"
"Most Sunshine Hours in a Day","1961M02","Mullingar","Number","8.5"
"Most Sunshine Hours in a Day","1961M03","Mullingar","Number","10"
"Most Sunshine Hours in a Day","1961M04","Mullingar","Number","12.7"
"Most Sunshine Hours in a Day","1961M05","Mullingar","Number","13.8"
"Most Sunshine Hours in a Day","1961M06","Mullingar","Number","11"
"Most Sunshine Hours in a Day","1961M07","Mullingar","Number","12.4"
"Most Sunshine Hours in a Day","1961M08","Mullingar","Number","12.1"
"Most Sunshine Hours in a Day","1961M09","Mullingar","Number","9.9"
"Most Sunshine Hours in a Day","1961M10","Mullingar","Number","9.6"
"Most Sunshine Hours in a Day","1961M11","Mullingar","Number","8.2"
"Most Sunshine Hours in a Day","1961M12","Mullingar","Number","6.5"
"Most Sunshine Hours in a Day","1962M01","Mullingar","Number","6.9"
"Most Sunshine Hours in a Day","1962M02","Mullingar","Number","8.4"
"Most Sunshine Hours in a Day","1962M03","Mullingar","Number","9.9"
"Most Sunshine Hours in a Day","1962M04","Mullingar","Number","13.9"
"Most Sunshine Hours in a Day","1962M05","Mullingar","Number","15.5"
"Most Sunshine Hours in a Day","1962M06","Mullingar","Number","14.9"
"Most Sunshine Hours in a Day","1962M07","Mullingar","Number","11.8"
"Most Sunshine Hours in a Day","1962M08","Mullingar","Number","13.3"
"Most Sunshine Hours in a Day","1962M09","Mullingar","Number","10.6"
"Most Sunshine Hours in a Day","1962M10","Mullingar","Number","9.2"
"Most Sunshine Hours in a Day","1962M11","Mullingar","Number","7.3"
"Most Sunshine Hours in a Day","1962M12","Mullingar","Number","6.7"
"Most Sunshine Hours in a Day","1963M01","Mullingar","Number","7.7"
"Most Sunshine Hours in a Day","1963M02","Mullingar","Number","8.7"
"Most Sunshine Hours in a Day","1963M03","Mullingar","Number","11.1"
"Most Sunshine Hours in a Day","1963M04","Mullingar","Number","11.7"
"Most Sunshine Hours in a Day","1963M05","Mullingar","Number","13.4"
"Most Sunshine Hours in a Day","1963M06","Mullingar","Number","15.2"
"Most Sunshine Hours in a Day","1963M07","Mullingar","Number","13"
"Most Sunshine Hours in a Day","1963M08","Mullingar","Number","8.5"
"Most Sunshine Hours in a Day","1963M09","Mullingar","Number","11.4"
"Most Sunshine Hours in a Day","1963M10","Mullingar","Number","9.3"
"Most Sunshine Hours in a Day","1963M11","Mullingar","Number","7.2"
"Most Sunshine Hours in a Day","1963M12","Mullingar","Number","6.7"
"Most Sunshine Hours in a Day","1964M01","Mullingar","Number","4.5"
"Most Sunshine Hours in a Day","1964M02","Mullingar","Number","8.2"
"Most Sunshine Hours in a Day","1964M03","Mullingar","Number","9.9"
"Most Sunshine Hours in a Day","1964M04","Mullingar","Number","9.7"
"Most Sunshine Hours in a Day","1964M05","Mullingar","Number","14.4"
"Most Sunshine Hours in a Day","1964M06","Mullingar","Number","12.4"
"Most Sunshine Hours in a Day","1964M07","Mullingar","Number","11.2"
"Most Sunshine Hours in a Day","1964M08","Mullingar","Number","13"
"Most Sunshine Hours in a Day","1964M09","Mullingar","Number","11.3"
"Most Sunshine Hours in a Day","1964M10","Mullingar","Number","8.8"
"Most Sunshine Hours in a Day","1964M11","Mullingar","Number","8.3"
"Most Sunshine Hours in a Day","1964M12","Mullingar","Number","6.2"
"Most Sunshine Hours in a Day","1965M01","Mullingar","Number","7.4"
"Most Sunshine Hours in a Day","1965M02","Mullingar","Number","8.4"
"Most Sunshine Hours in a Day","1965M03","Mullingar","Number","11.8"
"Most Sunshine Hours in a Day","1965M04","Mullingar","Number","11.3"
"Most Sunshine Hours in a Day","1965M05","Mullingar","Number","12.2"
"Most Sunshine Hours in a Day","1965M06","Mullingar","Number","13.1"
"Most Sunshine Hours in a Day","1965M07","Mullingar","Number","11.6"
"Most Sunshine Hours in a Day","1965M08","Mullingar","Number","10.1"
"Most Sunshine Hours in a Day","1965M09","Mullingar","Number","9.1"
"Most Sunshine Hours in a Day","1965M10","Mullingar","Number","8.7"
"Most Sunshine Hours in a Day","1965M11","Mullingar","Number","7.3"
"Most Sunshine Hours in a Day","1965M12","Mullingar","Number","6.5"
"Most Sunshine Hours in a Day","1966M01","Mullingar","Number","5.4"
"Most Sunshine Hours in a Day","1966M02","Mullingar","Number","6.6"
"Most Sunshine Hours in a Day","1966M03","Mullingar","Number","11"
"Most Sunshine Hours in a Day","1966M04","Mullingar","Number","12.8"
"Most Sunshine Hours in a Day","1966M05","Mullingar","Number","15.5"
"Most Sunshine Hours in a Day","1966M06","Mullingar","Number","13.5"
"Most Sunshine Hours in a Day","1966M07","Mullingar","Number","14.5"
"Most Sunshine Hours in a Day","1966M08","Mullingar","Number","13"
"Most Sunshine Hours in a Day","1966M09","Mullingar","Number","10.6"
"Most Sunshine Hours in a Day","1966M10","Mullingar","Number","8.4"
"Most Sunshine Hours in a Day","1966M11","Mullingar","Number","7.7"
"Most Sunshine Hours in a Day","1966M12","Mullingar","Number","6.3"
"Most Sunshine Hours in a Day","1967M01","Mullingar","Number","6.4"
"Most Sunshine Hours in a Day","1967M02","Mullingar","Number","8.7"
"Most Sunshine Hours in a Day","1967M03","Mullingar","Number","9.8"
"Most Sunshine Hours in a Day","1967M04","Mullingar","Number","12.4"
"Most Sunshine Hours in a Day","1967M05","Mullingar","Number","12"
"Most Sunshine Hours in a Day","1967M06","Mullingar","Number","13.9"
"Most Sunshine Hours in a Day","1967M07","Mullingar","Number","13.4"
"Most Sunshine Hours in a Day","1967M08","Mullingar","Number","12.8"
"Most Sunshine Hours in a Day","1967M09","Mullingar","Number","8.8"
"Most Sunshine Hours in a Day","1967M10","Mullingar","Number","7.8"
"Most Sunshine Hours in a Day","1967M11","Mullingar","Number","8.9"
"Most Sunshine Hours in a Day","1967M12","Mullingar","Number","6.1"
"Most Sunshine Hours in a Day","1968M01","Mullingar","Number","6.6"
"Most Sunshine Hours in a Day","1968M02","Mullingar","Number","8.9"
"Most Sunshine Hours in a Day","1968M03","Mullingar","Number","10"
"Most Sunshine Hours in a Day","1968M04","Mullingar","Number","12.9"
"Most Sunshine Hours in a Day","1968M05","Mullingar","Number","13"
"Most Sunshine Hours in a Day","1968M06","Mullingar","Number","15.7"
"Most Sunshine Hours in a Day","1968M07","Mullingar","Number","11.2"
"Most Sunshine Hours in a Day","1968M08","Mullingar","Number","13.8"
"Most Sunshine Hours in a Day","1968M09","Mullingar","Number","11.1"
"Most Sunshine Hours in a Day","1968M10","Mullingar","Number","5.2"
"Most Sunshine Hours in a Day","1968M11","Mullingar","Number","8.9"
"Most Sunshine Hours in a Day","1968M12","Mullingar","Number","6.5"
"Most Sunshine Hours in a Day","1969M01","Mullingar","Number","6.9"
"Most Sunshine Hours in a Day","1969M02","Mullingar","Number","8.8"
"Most Sunshine Hours in a Day","1969M03","Mullingar","Number","9.4"
"Most Sunshine Hours in a Day","1969M04","Mullingar","Number","11.7"
"Most Sunshine Hours in a Day","1969M05","Mullingar","Number","12.4"
"Most Sunshine Hours in a Day","1969M06","Mullingar","Number","15.6"
"Most Sunshine Hours in a Day","1969M07","Mullingar","Number","12.8"
"Most Sunshine Hours in a Day","1969M08","Mullingar","Number","9.8"
"Most Sunshine Hours in a Day","1969M09","Mullingar","Number","9.9"
"Most Sunshine Hours in a Day","1969M10","Mullingar","Number","8.4"
"Most Sunshine Hours in a Day","1969M11","Mullingar","Number","8.3"
"Most Sunshine Hours in a Day","1969M12","Mullingar","Number","6.7"
"Most Sunshine Hours in a Day","1970M01","Mullingar","Number","7.1"
"Most Sunshine Hours in a Day","1970M02","Mullingar","Number","9.2"
"Most Sunshine Hours in a Day","1970M03","Mullingar","Number","11.3"
"Most Sunshine Hours in a Day","1970M04","Mullingar","Number","10"
"Most Sunshine Hours in a Day","1970M05","Mullingar","Number","9.7"
"Most Sunshine Hours in a Day","1970M06","Mullingar","Number","15.1"
"Most Sunshine Hours in a Day","1970M07","Mullingar","Number","10.3"
"Most Sunshine Hours in a Day","1970M08","Mullingar","Number","10.3"
"Most Sunshine Hours in a Day","1970M09","Mullingar","Number","10.2"
"Most Sunshine Hours in a Day","1970M10","Mullingar","Number","8.2"
"Most Sunshine Hours in a Day","1970M11","Mullingar","Number","7.2"
"Most Sunshine Hours in a Day","1970M12","Mullingar","Number","6.8"
"Most Sunshine Hours in a Day","1971M01","Mullingar","Number","7.4"
"Most Sunshine Hours in a Day","1971M02","Mullingar","Number","8.6"
"Most Sunshine Hours in a Day","1971M03","Mullingar","Number","10.9"
"Most Sunshine Hours in a Day","1971M04","Mullingar","Number","12"
"Most Sunshine Hours in a Day","1971M05","Mullingar","Number","12.7"
"Most Sunshine Hours in a Day","1971M06","Mullingar","Number","11.9"
"Most Sunshine Hours in a Day","1971M07","Mullingar","Number","15.4"
"Most Sunshine Hours in a Day","1971M08","Mullingar","Number","8.1"
"Most Sunshine Hours in a Day","1971M09","Mullingar","Number","11.6"
"Most Sunshine Hours in a Day","1971M10","Mullingar","Number","8.2"
"Most Sunshine Hours in a Day","1971M11","Mullingar","Number","6.7"
"Most Sunshine Hours in a Day","1971M12","Mullingar","Number","4.6"
"Most Sunshine Hours in a Day","1972M01","Mullingar","Number","5.7"
"Most Sunshine Hours in a Day","1972M02","Mullingar","Number","7"
"Most Sunshine Hours in a Day","1972M03","Mullingar","Number","10.9"
"Most Sunshine Hours in a Day","1972M04","Mullingar","Number","13.6"
"Most Sunshine Hours in a Day","1972M05","Mullingar","Number","10.5"
"Most Sunshine Hours in a Day","1972M06","Mullingar","Number","10.8"
"Most Sunshine Hours in a Day","1972M07","Mullingar","Number","15.6"
"Most Sunshine Hours in a Day","1972M08","Mullingar","Number","13.1"
"Most Sunshine Hours in a Day","1972M09","Mullingar","Number","10.9"
"Most Sunshine Hours in a Day","1972M10","Mullingar","Number","8.7"
"Most Sunshine Hours in a Day","1972M11","Mullingar","Number","7.2"
"Most Sunshine Hours in a Day","1972M12","Mullingar","Number","6.8"
"Most Sunshine Hours in a Day","1973M01","Mullingar","Number","5.7"
"Most Sunshine Hours in a Day","1973M02","Mullingar","Number","6.3"
"Most Sunshine Hours in a Day","1973M03","Mullingar","Number","10.1"
"Most Sunshine Hours in a Day","1973M04","Mullingar","Number","11.5"
"Most Sunshine Hours in a Day","1973M05","Mullingar","Number","13.6"
"Most Sunshine Hours in a Day","1973M06","Mullingar","Number","13.3"
"Most Sunshine Hours in a Day","1973M07","Mullingar","Number","11.1"
"Most Sunshine Hours in a Day","1973M08","Mullingar","Number","12.4"
"Most Sunshine Hours in a Day","1973M09","Mullingar","Number","10.8"
"Most Sunshine Hours in a Day","1973M10","Mullingar","Number","9.6"
"Most Sunshine Hours in a Day","1973M11","Mullingar","Number","5.9"
"Most Sunshine Hours in a Day","1973M12","Mullingar","Number","7"
"Most Sunshine Hours in a Day","1974M01","Mullingar","Number","4.8"
"Most Sunshine Hours in a Day","1974M02","Mullingar","Number","9.3"
"Most Sunshine Hours in a Day","1974M03","Mullingar","Number","9.1"
"Most Sunshine Hours in a Day","1974M04","Mullingar","Number","12.9"
"Most Sunshine Hours in a Day","1974M05","Mullingar","Number","12.3"
"Most Sunshine Hours in a Day","1974M06","Mullingar","Number","15.4"
"Most Sunshine Hours in a Day","1974M07","Mullingar","Number","11.8"
"Most Sunshine Hours in a Day","1974M08","Mullingar","Number","12.8"
"Most Sunshine Hours in a Day","1974M09","Mullingar","Number","8.4"
"Most Sunshine Hours in a Day","1974M10","Mullingar","Number","8.7"
"Most Sunshine Hours in a Day","1974M11","Mullingar","Number","7.7"
"Most Sunshine Hours in a Day","1974M12","Mullingar","Number","5.7"
"Most Sunshine Hours in a Day","1975M01","Mullingar","Number","6"
"Most Sunshine Hours in a Day","1975M02","Mullingar","Number","8.4"
"Most Sunshine Hours in a Day","1975M03","Mullingar","Number","10.4"
"Most Sunshine Hours in a Day","1975M04","Mullingar","Number","12.3"
"Most Sunshine Hours in a Day","1975M05","Mullingar","Number","14.8"
"Most Sunshine Hours in a Day","1975M06","Mullingar","Number","16"
"Most Sunshine Hours in a Day","1975M07","Mullingar","Number","14.5"
"Most Sunshine Hours in a Day","1975M08","Mullingar","Number","14.4"
"Most Sunshine Hours in a Day","1975M09","Mullingar","Number","9.7"
"Most Sunshine Hours in a Day","1975M10","Mullingar","Number","7.3"
"Most Sunshine Hours in a Day","1975M11","Mullingar","Number","7.4"
"Most Sunshine Hours in a Day","1975M12","Mullingar","Number","6.9"
"Most Sunshine Hours in a Day","1976M01","Mullingar","Number","7"
"Most Sunshine Hours in a Day","1976M02","Mullingar","Number","8.6"
"Most Sunshine Hours in a Day","1976M03","Mullingar","Number","9.6"
"Most Sunshine Hours in a Day","1976M04","Mullingar","Number","13.3"
"Most Sunshine Hours in a Day","1976M05","Mullingar","Number","10.8"
"Most Sunshine Hours in a Day","1976M06","Mullingar","Number","15.8"
"Most Sunshine Hours in a Day","1976M07","Mullingar","Number","14.9"
"Most Sunshine Hours in a Day","1976M08","Mullingar","Number","13"
"Most Sunshine Hours in a Day","1976M09","Mullingar","Number","10.4"
"Most Sunshine Hours in a Day","1976M10","Mullingar","Number","8.6"
"Most Sunshine Hours in a Day","1976M11","Mullingar","Number","7.7"
"Most Sunshine Hours in a Day","1976M12","Mullingar","Number","6.4"
"Most Sunshine Hours in a Day","1977M01","Mullingar","Number","8.1"
"Most Sunshine Hours in a Day","1977M02","Mullingar","Number","5.6"
"Most Sunshine Hours in a Day","1977M03","Mullingar","Number","8.9"
"Most Sunshine Hours in a Day","1977M04","Mullingar","Number","10.5"
"Most Sunshine Hours in a Day","1977M05","Mullingar","Number","15.3"
"Most Sunshine Hours in a Day","1977M06","Mullingar","Number","15.8"
"Most Sunshine Hours in a Day","1977M07","Mullingar","Number","15.6"
"Most Sunshine Hours in a Day","1977M08","Mullingar","Number","13.4"
"Most Sunshine Hours in a Day","1977M09","Mullingar","Number","11.1"
"Most Sunshine Hours in a Day","1977M10","Mullingar","Number","8.4"
"Most Sunshine Hours in a Day","1977M11","Mullingar","Number","6.7"
"Most Sunshine Hours in a Day","1977M12","Mullingar","Number","4.4"
"Most Sunshine Hours in a Day","1978M01","Mullingar","Number","7.2"
"Most Sunshine Hours in a Day","1978M02","Mullingar","Number","8.7"
"Most Sunshine Hours in a Day","1978M03","Mullingar","Number","9.1"
"Most Sunshine Hours in a Day","1978M04","Mullingar","Number","12.4"
"Most Sunshine Hours in a Day","1978M05","Mullingar","Number","13.9"
"Most Sunshine Hours in a Day","1978M06","Mullingar","Number","15.7"
"Most Sunshine Hours in a Day","1978M07","Mullingar","Number","14.3"
"Most Sunshine Hours in a Day","1978M08","Mullingar","Number","13.3"
"Most Sunshine Hours in a Day","1978M09","Mullingar","Number","8.3"
"Most Sunshine Hours in a Day","1978M10","Mullingar","Number","9.2"
"Most Sunshine Hours in a Day","1978M11","Mullingar","Number","7.1"
"Most Sunshine Hours in a Day","1978M12","Mullingar","Number","6.3"
"Most Sunshine Hours in a Day","1979M01","Mullingar","Number","7.1"
"Most Sunshine Hours in a Day","1979M02","Mullingar","Number","8.5"
"Most Sunshine Hours in a Day","1979M03","Mullingar","Number","8.8"
"Most Sunshine Hours in a Day","1979M04","Mullingar","Number","11.7"
"Most Sunshine Hours in a Day","1979M05","Mullingar","Number","11"
"Most Sunshine Hours in a Day","1979M06","Mullingar","Number","14.4"
"Most Sunshine Hours in a Day","1979M07","Mullingar","Number","12"
"Most Sunshine Hours in a Day","1979M08","Mullingar","Number","11.2"
"Most Sunshine Hours in a Day","1979M09","Mullingar","Number","10.9"
"Most Sunshine Hours in a Day","1979M10","Mullingar","Number","8.8"
"Most Sunshine Hours in a Day","1979M11","Mullingar","Number","8.4"
"Most Sunshine Hours in a Day","1979M12","Mullingar","Number","6.6"
"Most Sunshine Hours in a Day","1980M01","Mullingar","Number","7.5"
"Most Sunshine Hours in a Day","1980M02","Mullingar","Number","9.5"
"Most Sunshine Hours in a Day","1980M03","Mullingar","Number","10.1"
"Most Sunshine Hours in a Day","1980M04","Mullingar","Number","12.7"
"Most Sunshine Hours in a Day","1980M05","Mullingar","Number","14.6"
"Most Sunshine Hours in a Day","1980M06","Mullingar","Number","8.7"
"Most Sunshine Hours in a Day","1980M07","Mullingar","Number","9.3"
"Most Sunshine Hours in a Day","1980M08","Mullingar","Number","8.9"
"Most Sunshine Hours in a Day","1980M09","Mullingar","Number","9.3"
"Most Sunshine Hours in a Day","1980M10","Mullingar","Number","8.4"
"Most Sunshine Hours in a Day","1980M11","Mullingar","Number","7.5"
"Most Sunshine Hours in a Day","1980M12","Mullingar","Number","6.7"
"Most Sunshine Hours in a Day","1981M01","Mullingar","Number","7.1"
"Most Sunshine Hours in a Day","1981M02","Mullingar","Number","7.8"
"Most Sunshine Hours in a Day","1981M03","Mullingar","Number","9.7"
"Most Sunshine Hours in a Day","1981M04","Mullingar","Number","12.9"
"Most Sunshine Hours in a Day","1981M05","Mullingar","Number","11.6"
"Most Sunshine Hours in a Day","1981M06","Mullingar","Number","14.4"
"Most Sunshine Hours in a Day","1981M07","Mullingar","Number","9.2"
"Most Sunshine Hours in a Day","1981M08","Mullingar","Number","14.4"
"Most Sunshine Hours in a Day","1981M09","Mullingar","Number","10.8"
"Most Sunshine Hours in a Day","1981M10","Mullingar","Number","8.1"
"Most Sunshine Hours in a Day","1981M11","Mullingar","Number","7.8"
"Most Sunshine Hours in a Day","1981M12","Mullingar","Number","6.7"
"Most Sunshine Hours in a Day","1982M01","Mullingar","Number","7.4"
"Most Sunshine Hours in a Day","1982M02","Mullingar","Number","9"
"Most Sunshine Hours in a Day","1982M03","Mullingar","Number","10.6"
"Most Sunshine Hours in a Day","1982M04","Mullingar","Number","12.1"
"Most Sunshine Hours in a Day","1982M05","Mullingar","Number","15.4"
"Most Sunshine Hours in a Day","1982M06","Mullingar","Number","12.8"
"Most Sunshine Hours in a Day","1982M07","Mullingar","Number","15.1"
"Most Sunshine Hours in a Day","1982M08","Mullingar","Number","9.5"
"Most Sunshine Hours in a Day","1982M09","Mullingar","Number","11.7"
"Most Sunshine Hours in a Day","1982M10","Mullingar","Number","9"
"Most Sunshine Hours in a Day","1982M11","Mullingar","Number","6.2"
"Most Sunshine Hours in a Day","1982M12","Mullingar","Number","5.8"
"Most Sunshine Hours in a Day","1983M01","Mullingar","Number","6.6"
"Most Sunshine Hours in a Day","1983M02","Mullingar","Number","8.3"
"Most Sunshine Hours in a Day","1983M03","Mullingar","Number","8.7"
"Most Sunshine Hours in a Day","1983M04","Mullingar","Number","9.9"
"Most Sunshine Hours in a Day","1983M05","Mullingar","Number","13.3"
"Most Sunshine Hours in a Day","1983M06","Mullingar","Number","14.3"
"Most Sunshine Hours in a Day","1983M07","Mullingar","Number","14"
"Most Sunshine Hours in a Day","1983M08","Mullingar","Number","13.4"
"Most Sunshine Hours in a Day","1983M09","Mullingar","Number","10"
"Most Sunshine Hours in a Day","1983M10","Mullingar","Number","7.1"
"Most Sunshine Hours in a Day","1983M11","Mullingar","Number","6.4"
"Most Sunshine Hours in a Day","1983M12","Mullingar","Number","5.5"
"Most Sunshine Hours in a Day","1984M01","Mullingar","Number","7.3"
"Most Sunshine Hours in a Day","1984M02","Mullingar","Number","6.2"
"Most Sunshine Hours in a Day","1984M03","Mullingar","Number","9.5"
"Most Sunshine Hours in a Day","1984M04","Mullingar","Number","13.1"
"Most Sunshine Hours in a Day","1984M05","Mullingar","Number","14.2"
"Most Sunshine Hours in a Day","1984M06","Mullingar","Number","13.3"
"Most Sunshine Hours in a Day","1984M07","Mullingar","Number","14.7"
"Most Sunshine Hours in a Day","1984M08","Mullingar","Number","12.3"
"Most Sunshine Hours in a Day","1984M09","Mullingar","Number","9.3"
"Most Sunshine Hours in a Day","1984M10","Mullingar","Number","8.7"
"Most Sunshine Hours in a Day","1984M11","Mullingar","Number","8.6"
"Most Sunshine Hours in a Day","1984M12","Mullingar","Number","5.9"
"Most Sunshine Hours in a Day","1985M01","Mullingar","Number","6.9"
"Most Sunshine Hours in a Day","1985M02","Mullingar","Number","9.2"
"Most Sunshine Hours in a Day","1985M03","Mullingar","Number","9.8"
"Most Sunshine Hours in a Day","1985M04","Mullingar","Number","12.3"
"Most Sunshine Hours in a Day","1985M05","Mullingar","Number","15"
"Most Sunshine Hours in a Day","1985M06","Mullingar","Number","15.6"
"Most Sunshine Hours in a Day","1985M07","Mullingar","Number","9.4"
"Most Sunshine Hours in a Day","1985M08","Mullingar","Number","8.5"
"Most Sunshine Hours in a Day","1985M09","Mullingar","Number","10.2"
"Most Sunshine Hours in a Day","1985M10","Mullingar","Number","6.9"
"Most Sunshine Hours in a Day","1985M11","Mullingar","Number","7.1"
"Most Sunshine Hours in a Day","1985M12","Mullingar","Number","6.9"
"Most Sunshine Hours in a Day","1986M01","Mullingar","Number","8"
"Most Sunshine Hours in a Day","1986M02","Mullingar","Number","9.3"
"Most Sunshine Hours in a Day","1986M03","Mullingar","Number","9.9"
"Most Sunshine Hours in a Day","1986M04","Mullingar","Number","11.7"
"Most Sunshine Hours in a Day","1986M05","Mullingar","Number","12.8"
"Most Sunshine Hours in a Day","1986M06","Mullingar","Number","14"
"Most Sunshine Hours in a Day","1986M07","Mullingar","Number","8.5"
"Most Sunshine Hours in a Day","1986M08","Mullingar","Number","11.5"
"Most Sunshine Hours in a Day","1986M09","Mullingar","Number","11.1"
"Most Sunshine Hours in a Day","1986M10","Mullingar","Number","10"
"Most Sunshine Hours in a Day","1986M11","Mullingar","Number","8.3"
"Most Sunshine Hours in a Day","1986M12","Mullingar","Number","5.9"
"Most Sunshine Hours in a Day","1987M01","Mullingar","Number","8"
"Most Sunshine Hours in a Day","1987M02","Mullingar","Number","8.8"
"Most Sunshine Hours in a Day","1987M03","Mullingar","Number","9.4"
"Most Sunshine Hours in a Day","1987M04","Mullingar","Number","10"
"Most Sunshine Hours in a Day","1987M05","Mullingar","Number","15.2"
"Most Sunshine Hours in a Day","1987M06","Mullingar","Number","14.2"
"Most Sunshine Hours in a Day","1987M07","Mullingar","Number","14.8"
"Most Sunshine Hours in a Day","1987M08","Mullingar","Number","13.3"
"Most Sunshine Hours in a Day","1987M09","Mullingar","Number","9.5"
"Most Sunshine Hours in a Day","1987M10","Mullingar","Number","8.8"
"Most Sunshine Hours in a Day","1987M11","Mullingar","Number","7.5"
"Most Sunshine Hours in a Day","1987M12","Mullingar","Number","6.5"
"Most Sunshine Hours in a Day","1988M01","Mullingar","Number","6.2"
"Most Sunshine Hours in a Day","1988M02","Mullingar","Number","6.7"
"Most Sunshine Hours in a Day","1988M03","Mullingar","Number","8.5"
"Most Sunshine Hours in a Day","1988M04","Mullingar","Number","12.1"
"Most Sunshine Hours in a Day","1988M05","Mullingar","Number","14.3"
"Most Sunshine Hours in a Day","1988M06","Mullingar","Number","15.9"
"Most Sunshine Hours in a Day","1988M07","Mullingar","Number","9.5"
"Most Sunshine Hours in a Day","1988M08","Mullingar","Number","12.3"
"Most Sunshine Hours in a Day","1988M09","Mullingar","Number","9"
"Most Sunshine Hours in a Day","1988M10","Mullingar","Number","8.8"
"Most Sunshine Hours in a Day","1988M11","Mullingar","Number","7.7"
"Most Sunshine Hours in a Day","1988M12","Mullingar","Number","6.4"
"Most Sunshine Hours in a Day","1989M01","Mullingar","Number","7.5"
"Most Sunshine Hours in a Day","1989M02","Mullingar","Number","8.5"
"Most Sunshine Hours in a Day","1989M03","Mullingar","Number","10.1"
"Most Sunshine Hours in a Day","1989M04","Mullingar","Number","11"
"Most Sunshine Hours in a Day","1989M05","Mullingar","Number","14.8"
"Most Sunshine Hours in a Day","1989M06","Mullingar","Number","15"
"Most Sunshine Hours in a Day","1989M07","Mullingar","Number","15.3"
"Most Sunshine Hours in a Day","1989M08","Mullingar","Number","10.9"
"Most Sunshine Hours in a Day","1989M09","Mullingar","Number","9.9"
"Most Sunshine Hours in a Day","1989M10","Mullingar","Number","9.6"
"Most Sunshine Hours in a Day","1989M11","Mullingar","Number","7.8"
"Most Sunshine Hours in a Day","1989M12","Mullingar","Number","6.4"
"Most Sunshine Hours in a Day","1990M01","Mullingar","Number","6.4"
"Most Sunshine Hours in a Day","1990M02","Mullingar","Number","6.5"
"Most Sunshine Hours in a Day","1990M03","Mullingar","Number","8.3"
"Most Sunshine Hours in a Day","1990M04","Mullingar","Number","11"
"Most Sunshine Hours in a Day","1990M05","Mullingar","Number","14"
"Most Sunshine Hours in a Day","1990M06","Mullingar","Number","9.9"
"Most Sunshine Hours in a Day","1990M07","Mullingar","Number","14.9"
"Most Sunshine Hours in a Day","1990M08","Mullingar","Number","13.1"
"Most Sunshine Hours in a Day","1990M09","Mullingar","Number","10.2"
"Most Sunshine Hours in a Day","1990M10","Mullingar","Number","8.6"
"Most Sunshine Hours in a Day","1990M11","Mullingar","Number","8.5"
"Most Sunshine Hours in a Day","1990M12","Mullingar","Number","6.3"
"Most Sunshine Hours in a Day","1991M01","Mullingar","Number","7.8"
"Most Sunshine Hours in a Day","1991M02","Mullingar","Number","8.5"
"Most Sunshine Hours in a Day","1991M03","Mullingar","Number","10.7"
"Most Sunshine Hours in a Day","1991M04","Mullingar","Number","13.1"
"Most Sunshine Hours in a Day","1991M05","Mullingar","Number","14"
"Most Sunshine Hours in a Day","1991M06","Mullingar","Number","11.7"
"Most Sunshine Hours in a Day","1991M07","Mullingar","Number","13.3"
"Most Sunshine Hours in a Day","1991M08","Mullingar","Number","11.8"
"Most Sunshine Hours in a Day","1991M09","Mullingar","Number","11.7"
"Most Sunshine Hours in a Day","1991M10","Mullingar","Number","10.1"
"Most Sunshine Hours in a Day","1991M11","Mullingar","Number","7"
"Most Sunshine Hours in a Day","1991M12","Mullingar","Number","5"
"Most Sunshine Hours in a Day","1992M01","Mullingar","Number","6.8"
"Most Sunshine Hours in a Day","1992M02","Mullingar","Number","7.9"
"Most Sunshine Hours in a Day","1992M03","Mullingar","Number","6.2"
"Most Sunshine Hours in a Day","1992M04","Mullingar","Number","11"
"Most Sunshine Hours in a Day","1992M05","Mullingar","Number","14"
"Most Sunshine Hours in a Day","1992M06","Mullingar","Number","14.3"
"Most Sunshine Hours in a Day","1992M07","Mullingar","Number","13.2"
"Most Sunshine Hours in a Day","1992M08","Mullingar","Number","11.2"
"Most Sunshine Hours in a Day","1992M09","Mullingar","Number","9"
"Most Sunshine Hours in a Day","1992M10","Mullingar","Number","9.2"
"Most Sunshine Hours in a Day","1992M11","Mullingar","Number","6.2"
"Most Sunshine Hours in a Day","1992M12","Mullingar","Number","6"
"Most Sunshine Hours in a Day","1993M01","Mullingar","Number","7.6"
"Most Sunshine Hours in a Day","1993M02","Mullingar","Number","6.4"
"Most Sunshine Hours in a Day","1993M03","Mullingar","Number","8.2"
"Most Sunshine Hours in a Day","1993M04","Mullingar","Number","12.6"
"Most Sunshine Hours in a Day","1993M05","Mullingar","Number","13.8"
"Most Sunshine Hours in a Day","1993M06","Mullingar","Number","12.4"
"Most Sunshine Hours in a Day","1993M07","Mullingar","Number","9"
"Most Sunshine Hours in a Day","1993M08","Mullingar","Number","12.7"
"Most Sunshine Hours in a Day","1993M09","Mullingar","Number","9"
"Most Sunshine Hours in a Day","1993M10","Mullingar","Number","9.6"
"Most Sunshine Hours in a Day","1993M11","Mullingar","Number","7.6"
"Most Sunshine Hours in a Day","1993M12","Mullingar","Number","5.1"
"Most Sunshine Hours in a Day","1994M01","Mullingar","Number","6.1"
"Most Sunshine Hours in a Day","1994M02","Mullingar","Number","6.2"
"Most Sunshine Hours in a Day","1994M03","Mullingar","Number","9.2"
"Most Sunshine Hours in a Day","1994M04","Mullingar","Number","12.2"
"Most Sunshine Hours in a Day","1994M05","Mullingar","Number","13.5"
"Most Sunshine Hours in a Day","1994M06","Mullingar","Number","14.6"
"Most Sunshine Hours in a Day","1994M07","Mullingar","Number","12.7"
"Most Sunshine Hours in a Day","1994M08","Mullingar","Number","12.3"
"Most Sunshine Hours in a Day","1994M09","Mullingar","Number","11.6"
"Most Sunshine Hours in a Day","1994M10","Mullingar","Number","9.7"
"Most Sunshine Hours in a Day","1994M11","Mullingar","Number","6.3"
"Most Sunshine Hours in a Day","1994M12","Mullingar","Number","6.3"
"Most Sunshine Hours in a Day","1995M01","Mullingar","Number","5.1"
"Most Sunshine Hours in a Day","1995M02","Mullingar","Number","7.9"
"Most Sunshine Hours in a Day","1995M03","Mullingar","Number","9.9"
"Most Sunshine Hours in a Day","1995M04","Mullingar","Number","12.6"
"Most Sunshine Hours in a Day","1995M05","Mullingar","Number","10.9"
"Most Sunshine Hours in a Day","1995M06","Mullingar","Number","15.8"
"Most Sunshine Hours in a Day","1995M07","Mullingar","Number","10.3"
"Most Sunshine Hours in a Day","1995M08","Mullingar","Number","14.4"
"Most Sunshine Hours in a Day","1995M09","Mullingar","Number","10"
"Most Sunshine Hours in a Day","1995M10","Mullingar","Number","9"
"Most Sunshine Hours in a Day","1995M11","Mullingar","Number","8.3"
"Most Sunshine Hours in a Day","1995M12","Mullingar","Number","6.8"
"Most Sunshine Hours in a Day","1996M01","Mullingar","Number","6.3"
"Most Sunshine Hours in a Day","1996M02","Mullingar","Number","9"
"Most Sunshine Hours in a Day","1996M03","Mullingar","Number","6.7"
"Most Sunshine Hours in a Day","1996M04","Mullingar","Number","11.2"
"Most Sunshine Hours in a Day","1996M05","Mullingar","Number","14"
"Most Sunshine Hours in a Day","1996M06","Mullingar","Number","14.7"
"Most Sunshine Hours in a Day","1996M07","Mullingar","Number","13.7"
"Most Sunshine Hours in a Day","1996M08","Mullingar","Number","10.6"
"Most Sunshine Hours in a Day","1996M09","Mullingar","Number","11.5"
"Most Sunshine Hours in a Day","1996M10","Mullingar","Number","6.9"
"Most Sunshine Hours in a Day","1996M11","Mullingar","Number","8.2"
"Most Sunshine Hours in a Day","1996M12","Mullingar","Number","6.5"
"Most Sunshine Hours in a Day","1997M01","Mullingar","Number","6.4"
"Most Sunshine Hours in a Day","1997M02","Mullingar","Number","8.1"
"Most Sunshine Hours in a Day","1997M03","Mullingar","Number","10"
"Most Sunshine Hours in a Day","1997M04","Mullingar","Number","12.3"
"Most Sunshine Hours in a Day","1997M05","Mullingar","Number","15.4"
"Most Sunshine Hours in a Day","1997M06","Mullingar","Number","15.8"
"Most Sunshine Hours in a Day","1997M07","Mullingar","Number","14.2"
"Most Sunshine Hours in a Day","1997M08","Mullingar","Number","11.7"
"Most Sunshine Hours in a Day","1997M09","Mullingar","Number","11.1"
"Most Sunshine Hours in a Day","1997M10","Mullingar","Number","8.8"
"Most Sunshine Hours in a Day","1997M11","Mullingar","Number","5.3"
"Most Sunshine Hours in a Day","1997M12","Mullingar","Number","7.3"
"Most Sunshine Hours in a Day","1998M01","Mullingar","Number","6.9"
"Most Sunshine Hours in a Day","1998M02","Mullingar","Number","7.9"
"Most Sunshine Hours in a Day","1998M03","Mullingar","Number","8.5"
"Most Sunshine Hours in a Day","1998M04","Mullingar","Number","10.2"
"Most Sunshine Hours in a Day","1998M05","Mullingar","Number","14.5"
"Most Sunshine Hours in a Day","1998M06","Mullingar","Number","14.2"
"Most Sunshine Hours in a Day","1998M07","Mullingar","Number","11.6"
"Most Sunshine Hours in a Day","1998M08","Mullingar","Number","12.4"
"Most Sunshine Hours in a Day","1998M09","Mullingar","Number","10.2"
"Most Sunshine Hours in a Day","1998M10","Mullingar","Number","9.6"
"Most Sunshine Hours in a Day","1998M11","Mullingar","Number","7.3"
"Most Sunshine Hours in a Day","1998M12","Mullingar","Number","6.5"
"Most Sunshine Hours in a Day","1999M01","Mullingar","Number","7.1"
"Most Sunshine Hours in a Day","1999M02","Mullingar","Number","7.4"
"Most Sunshine Hours in a Day","1999M03","Mullingar","Number","9.6"
"Most Sunshine Hours in a Day","1999M04","Mullingar","Number","13.6"
"Most Sunshine Hours in a Day","1999M05","Mullingar","Number","12.7"
"Most Sunshine Hours in a Day","1999M06","Mullingar","Number","12.9"
"Most Sunshine Hours in a Day","1999M07","Mullingar","Number","14.7"
"Most Sunshine Hours in a Day","1999M08","Mullingar","Number","13.5"
"Most Sunshine Hours in a Day","1999M09","Mullingar","Number","10.7"
"Most Sunshine Hours in a Day","1999M10","Mullingar","Number","9"
"Most Sunshine Hours in a Day","1999M11","Mullingar","Number","7.4"
"Most Sunshine Hours in a Day","1999M12","Mullingar","Number","5.9"
"Most Sunshine Hours in a Day","2000M01","Mullingar","Number","7.5"
"Most Sunshine Hours in a Day","2000M02","Mullingar","Number","9.4"
"Most Sunshine Hours in a Day","2000M03","Mullingar","Number","10.9"
"Most Sunshine Hours in a Day","2000M04","Mullingar","Number","12"
"Most Sunshine Hours in a Day","2000M05","Mullingar","Number","13.6"
"Most Sunshine Hours in a Day","2000M06","Mullingar","Number","13.9"
"Most Sunshine Hours in a Day","2000M07","Mullingar","Number","14.9"
"Most Sunshine Hours in a Day","2000M08","Mullingar","Number","12.6"
"Most Sunshine Hours in a Day","2000M09","Mullingar","Number","9.6"
"Most Sunshine Hours in a Day","2000M10","Mullingar","Number","9"
"Most Sunshine Hours in a Day","2000M11","Mullingar","Number","6.9"
"Most Sunshine Hours in a Day","2000M12","Mullingar","Number","5.6"
"Most Sunshine Hours in a Day","2001M01","Mullingar","Number","7.7"
"Most Sunshine Hours in a Day","2001M02","Mullingar","Number","9.9"
"Most Sunshine Hours in a Day","2001M03","Mullingar","Number","10.7"
"Most Sunshine Hours in a Day","2001M04","Mullingar","Number","11.7"
"Most Sunshine Hours in a Day","2001M05","Mullingar","Number","14.4"
"Most Sunshine Hours in a Day","2001M06","Mullingar","Number","11.3"
"Most Sunshine Hours in a Day","2001M07","Mullingar","Number","11.3"
"Most Sunshine Hours in a Day","2001M08","Mullingar","Number","13.2"
"Most Sunshine Hours in a Day","2001M09","Mullingar","Number","11.3"
"Most Sunshine Hours in a Day","2001M10","Mullingar","Number","8.4"
"Most Sunshine Hours in a Day","2001M11","Mullingar","Number","8.1"
"Most Sunshine Hours in a Day","2001M12","Mullingar","Number","7.2"
"Most Sunshine Hours in a Day","2002M01","Mullingar","Number","7.3"
"Most Sunshine Hours in a Day","2002M02","Mullingar","Number","7.6"
"Most Sunshine Hours in a Day","2002M03","Mullingar","Number","10.8"
"Most Sunshine Hours in a Day","2002M04","Mullingar","Number","12.1"
"Most Sunshine Hours in a Day","2002M05","Mullingar","Number","10.7"
"Most Sunshine Hours in a Day","2002M06","Mullingar","Number","9.5"
"Most Sunshine Hours in a Day","2002M07","Mullingar","Number","8.6"
"Most Sunshine Hours in a Day","2002M08","Mullingar","Number","12.8"
"Most Sunshine Hours in a Day","2002M09","Mullingar","Number","11.2"
"Most Sunshine Hours in a Day","2002M10","Mullingar","Number","9.7"
"Most Sunshine Hours in a Day","2002M11","Mullingar","Number","7.7"
"Most Sunshine Hours in a Day","2002M12","Mullingar","Number","5.1"
"Most Sunshine Hours in a Day","2003M01","Mullingar","Number","6.9"
"Most Sunshine Hours in a Day","2003M02","Mullingar","Number","8.9"
"Most Sunshine Hours in a Day","2003M03","Mullingar","Number","10.4"
"Most Sunshine Hours in a Day","2003M04","Mullingar","Number","12.2"
"Most Sunshine Hours in a Day","2003M05","Mullingar","Number","12.1"
"Most Sunshine Hours in a Day","2003M06","Mullingar","Number","13.3"
"Most Sunshine Hours in a Day","2003M07","Mullingar","Number","12.8"
"Most Sunshine Hours in a Day","2003M08","Mullingar","Number","13.4"
"Most Sunshine Hours in a Day","2003M09","Mullingar","Number","10.6"
"Most Sunshine Hours in a Day","2003M10","Mullingar","Number","9.7"
"Most Sunshine Hours in a Day","2003M11","Mullingar","Number","7.8"
"Most Sunshine Hours in a Day","2003M12","Mullingar","Number","6.8"
"Most Sunshine Hours in a Day","2004M01","Mullingar","Number","7.1"
"Most Sunshine Hours in a Day","2004M02","Mullingar","Number","9.8"
"Most Sunshine Hours in a Day","2004M03","Mullingar","Number","10.6"
"Most Sunshine Hours in a Day","2004M04","Mullingar","Number","13.2"
"Most Sunshine Hours in a Day","2004M05","Mullingar","Number","14.5"
"Most Sunshine Hours in a Day","2004M06","Mullingar","Number","14.1"
"Most Sunshine Hours in a Day","2004M07","Mullingar","Number","13.1"
"Most Sunshine Hours in a Day","2004M08","Mullingar","Number","11.8"
"Most Sunshine Hours in a Day","2004M09","Mullingar","Number","11.6"
"Most Sunshine Hours in a Day","2004M10","Mullingar","Number","8.6"
"Most Sunshine Hours in a Day","2004M11","Mullingar","Number","7.1"
"Most Sunshine Hours in a Day","2004M12","Mullingar","Number","6.7"
"Most Sunshine Hours in a Day","2005M01","Mullingar","Number","6.3"
"Most Sunshine Hours in a Day","2005M02","Mullingar","Number","8.4"
"Most Sunshine Hours in a Day","2005M03","Mullingar","Number","9.6"
"Most Sunshine Hours in a Day","2005M04","Mullingar","Number","11.1"
"Most Sunshine Hours in a Day","2005M05","Mullingar","Number","14.3"
"Most Sunshine Hours in a Day","2005M06","Mullingar","Number","13.7"
"Most Sunshine Hours in a Day","2005M07","Mullingar","Number","15"
"Most Sunshine Hours in a Day","2005M08","Mullingar","Number","12.5"
"Most Sunshine Hours in a Day","2005M09","Mullingar","Number","10.3"
"Most Sunshine Hours in a Day","2005M10","Mullingar","Number","9.8"
"Most Sunshine Hours in a Day","2005M11","Mullingar","Number","7.6"
"Most Sunshine Hours in a Day","2005M12","Mullingar","Number","6.6"
"Most Sunshine Hours in a Day","2006M01","Mullingar","Number","8.2"
"Most Sunshine Hours in a Day","2006M02","Mullingar","Number","9.2"
"Most Sunshine Hours in a Day","2006M03","Mullingar","Number","9.3"
"Most Sunshine Hours in a Day","2006M04","Mullingar","Number","12.8"
"Most Sunshine Hours in a Day","2006M05","Mullingar","Number","13.4"
"Most Sunshine Hours in a Day","2006M06","Mullingar","Number","15.3"
"Most Sunshine Hours in a Day","2006M07","Mullingar","Number","15.2"
"Most Sunshine Hours in a Day","2006M08","Mullingar","Number","8.7"
"Most Sunshine Hours in a Day","2006M09","Mullingar","Number","11.3"
"Most Sunshine Hours in a Day","2006M10","Mullingar","Number","9.9"
"Most Sunshine Hours in a Day","2006M11","Mullingar","Number","8.5"
"Most Sunshine Hours in a Day","2006M12","Mullingar","Number","6.2"
"Most Sunshine Hours in a Day","2007M01","Mullingar","Number","7.3"
"Most Sunshine Hours in a Day","2007M02","Mullingar","Number","8.6"
"Most Sunshine Hours in a Day","2007M03","Mullingar","Number","9.7"
"Most Sunshine Hours in a Day","2007M04","Mullingar","Number","12.6"
"Most Sunshine Hours in a Day","2007M05","Mullingar","Number","15.1"
"Most Sunshine Hours in a Day","2007M06","Mullingar","Number","15.1"
"Most Sunshine Hours in a Day","2007M07","Mullingar","Number","13.8"
"Most Sunshine Hours in a Day","2007M08","Mullingar","Number","13"
"Most Sunshine Hours in a Day","2007M09","Mullingar","Number","12.2"
"Most Sunshine Hours in a Day","2007M10","Mullingar","Number","8.5"
"Most Sunshine Hours in a Day","2007M11","Mullingar","Number","7.1"
"Most Sunshine Hours in a Day","2007M12","Mullingar","Number","6.9"
"Most Sunshine Hours in a Day","2008M01","Mullingar","Number","6.3"
"Most Sunshine Hours in a Day","2008M02","Mullingar","Number","8.6"
"Most Sunshine Hours in a Day","2008M03","Mullingar","Number","9.5"
"Most Sunshine Hours in a Day","2008M04","Mullingar","Number",""
"Most Sunshine Hours in a Day","2008M05","Mullingar","Number",""
"Most Sunshine Hours in a Day","2008M06","Mullingar","Number",""
"Most Sunshine Hours in a Day","2008M07","Mullingar","Number",""
"Most Sunshine Hours in a Day","2008M08","Mullingar","Number",""
"Most Sunshine Hours in a Day","2008M09","Mullingar","Number",""
"Most Sunshine Hours in a Day","2008M10","Mullingar","Number",""
"Most Sunshine Hours in a Day","2008M11","Mullingar","Number",""
"Most Sunshine Hours in a Day","2008M12","Mullingar","Number",""
"Most Sunshine Hours in a Day","2009M01","Mullingar","Number",""
"Most Sunshine Hours in a Day","2009M02","Mullingar","Number",""
"Most Sunshine Hours in a Day","2009M03","Mullingar","Number",""
"Most Sunshine Hours in a Day","2009M04","Mullingar","Number",""
"Most Sunshine Hours in a Day","2009M05","Mullingar","Number",""
"Most Sunshine Hours in a Day","2009M06","Mullingar","Number",""
"Most Sunshine Hours in a Day","2009M07","Mullingar","Number",""
"Most Sunshine Hours in a Day","2009M08","Mullingar","Number",""
"Most Sunshine Hours in a Day","2009M09","Mullingar","Number",""
"Most Sunshine Hours in a Day","2009M10","Mullingar","Number",""
"Most Sunshine Hours in a Day","2009M11","Mullingar","Number",""
"Most Sunshine Hours in a Day","2009M12","Mullingar","Number",""
"Most Sunshine Hours in a Day","2010M01","Mullingar","Number",""
"Most Sunshine Hours in a Day","2010M02","Mullingar","Number",""
"Most Sunshine Hours in a Day","2010M03","Mullingar","Number",""
"Most Sunshine Hours in a Day","2010M04","Mullingar","Number",""
"Most Sunshine Hours in a Day","2010M05","Mullingar","Number",""
"Most Sunshine Hours in a Day","2010M06","Mullingar","Number",""
"Most Sunshine Hours in a Day","2010M07","Mullingar","Number",""
"Most Sunshine Hours in a Day","2010M08","Mullingar","Number",""
"Most Sunshine Hours in a Day","2010M09","Mullingar","Number",""
"Most Sunshine Hours in a Day","2010M10","Mullingar","Number",""
"Most Sunshine Hours in a Day","2010M11","Mullingar","Number",""
"Most Sunshine Hours in a Day","2010M12","Mullingar","Number",""
"Most Sunshine Hours in a Day","2011M01","Mullingar","Number",""
"Most Sunshine Hours in a Day","2011M02","Mullingar","Number",""
"Most Sunshine Hours in a Day","2011M03","Mullingar","Number",""
"Most Sunshine Hours in a Day","2011M04","Mullingar","Number",""
"Most Sunshine Hours in a Day","2011M05","Mullingar","Number",""
"Most Sunshine Hours in a Day","2011M06","Mullingar","Number",""
"Most Sunshine Hours in a Day","2011M07","Mullingar","Number",""
"Most Sunshine Hours in a Day","2011M08","Mullingar","Number",""
"Most Sunshine Hours in a Day","2011M09","Mullingar","Number",""
"Most Sunshine Hours in a Day","2011M10","Mullingar","Number",""
"Most Sunshine Hours in a Day","2011M11","Mullingar","Number",""
"Most Sunshine Hours in a Day","2011M12","Mullingar","Number",""
"Most Sunshine Hours in a Day","2012M01","Mullingar","Number",""
"Most Sunshine Hours in a Day","2012M02","Mullingar","Number",""
"Most Sunshine Hours in a Day","2012M03","Mullingar","Number",""
"Most Sunshine Hours in a Day","2012M04","Mullingar","Number",""
"Most Sunshine Hours in a Day","2012M05","Mullingar","Number",""
"Most Sunshine Hours in a Day","2012M06","Mullingar","Number",""
"Most Sunshine Hours in a Day","2012M07","Mullingar","Number",""
"Most Sunshine Hours in a Day","2012M08","Mullingar","Number",""
"Most Sunshine Hours in a Day","2012M09","Mullingar","Number",""
"Most Sunshine Hours in a Day","2012M10","Mullingar","Number",""
"Most Sunshine Hours in a Day","2012M11","Mullingar","Number",""
"Most Sunshine Hours in a Day","2012M12","Mullingar","Number",""
"Most Sunshine Hours in a Day","2013M01","Mullingar","Number",""
"Most Sunshine Hours in a Day","2013M02","Mullingar","Number",""
"Most Sunshine Hours in a Day","2013M03","Mullingar","Number",""
"Most Sunshine Hours in a Day","2013M04","Mullingar","Number",""
"Most Sunshine Hours in a Day","2013M05","Mullingar","Number",""
"Most Sunshine Hours in a Day","2013M06","Mullingar","Number",""
"Most Sunshine Hours in a Day","2013M07","Mullingar","Number",""
"Most Sunshine Hours in a Day","2013M08","Mullingar","Number",""
"Most Sunshine Hours in a Day","2013M09","Mullingar","Number",""
"Most Sunshine Hours in a Day","2013M10","Mullingar","Number",""
"Most Sunshine Hours in a Day","2013M11","Mullingar","Number",""
"Most Sunshine Hours in a Day","2013M12","Mullingar","Number",""
"Most Sunshine Hours in a Day","2014M01","Mullingar","Number",""
"Most Sunshine Hours in a Day","2014M02","Mullingar","Number",""
"Most Sunshine Hours in a Day","2014M03","Mullingar","Number",""
"Most Sunshine Hours in a Day","2014M04","Mullingar","Number",""
"Most Sunshine Hours in a Day","2014M05","Mullingar","Number",""
"Most Sunshine Hours in a Day","2014M06","Mullingar","Number",""
"Most Sunshine Hours in a Day","2014M07","Mullingar","Number",""
"Most Sunshine Hours in a Day","2014M08","Mullingar","Number",""
"Most Sunshine Hours in a Day","2014M09","Mullingar","Number",""
"Most Sunshine Hours in a Day","2014M10","Mullingar","Number",""
"Most Sunshine Hours in a Day","2014M11","Mullingar","Number",""
"Most Sunshine Hours in a Day","2014M12","Mullingar","Number",""
"Most Sunshine Hours in a Day","2015M01","Mullingar","Number",""
"Most Sunshine Hours in a Day","2015M02","Mullingar","Number",""
"Most Sunshine Hours in a Day","2015M03","Mullingar","Number",""
"Most Sunshine Hours in a Day","2015M04","Mullingar","Number",""
"Most Sunshine Hours in a Day","2015M05","Mullingar","Number",""
"Most Sunshine Hours in a Day","2015M06","Mullingar","Number",""
"Most Sunshine Hours in a Day","2015M07","Mullingar","Number",""
"Most Sunshine Hours in a Day","2015M08","Mullingar","Number",""
"Most Sunshine Hours in a Day","2015M09","Mullingar","Number",""
"Most Sunshine Hours in a Day","2015M10","Mullingar","Number",""
"Most Sunshine Hours in a Day","2015M11","Mullingar","Number",""
"Most Sunshine Hours in a Day","2015M12","Mullingar","Number",""
"Most Sunshine Hours in a Day","2016M01","Mullingar","Number",""
"Most Sunshine Hours in a Day","2016M02","Mullingar","Number",""
"Most Sunshine Hours in a Day","2016M03","Mullingar","Number",""
"Most Sunshine Hours in a Day","2016M04","Mullingar","Number",""
"Most Sunshine Hours in a Day","2016M05","Mullingar","Number",""
"Most Sunshine Hours in a Day","2016M06","Mullingar","Number",""
"Most Sunshine Hours in a Day","2016M07","Mullingar","Number",""
"Most Sunshine Hours in a Day","2016M08","Mullingar","Number",""
"Most Sunshine Hours in a Day","2016M09","Mullingar","Number",""
"Most Sunshine Hours in a Day","2016M10","Mullingar","Number",""
"Most Sunshine Hours in a Day","2016M11","Mullingar","Number",""
"Most Sunshine Hours in a Day","2016M12","Mullingar","Number",""
"Most Sunshine Hours in a Day","2017M01","Mullingar","Number",""
"Most Sunshine Hours in a Day","2017M02","Mullingar","Number",""
"Most Sunshine Hours in a Day","2017M03","Mullingar","Number",""
"Most Sunshine Hours in a Day","2017M04","Mullingar","Number",""
"Most Sunshine Hours in a Day","2017M05","Mullingar","Number",""
"Most Sunshine Hours in a Day","2017M06","Mullingar","Number",""
"Most Sunshine Hours in a Day","2017M07","Mullingar","Number",""
"Most Sunshine Hours in a Day","2017M08","Mullingar","Number",""
"Most Sunshine Hours in a Day","2017M09","Mullingar","Number",""
"Most Sunshine Hours in a Day","2017M10","Mullingar","Number",""
"Most Sunshine Hours in a Day","2017M11","Mullingar","Number",""
"Most Sunshine Hours in a Day","2017M12","Mullingar","Number",""
"Most Sunshine Hours in a Day","2018M01","Mullingar","Number",""
"Most Sunshine Hours in a Day","2018M02","Mullingar","Number",""
"Most Sunshine Hours in a Day","2018M03","Mullingar","Number",""
"Most Sunshine Hours in a Day","2018M04","Mullingar","Number",""
"Most Sunshine Hours in a Day","2018M05","Mullingar","Number",""
"Most Sunshine Hours in a Day","2018M06","Mullingar","Number",""
"Most Sunshine Hours in a Day","2018M07","Mullingar","Number",""
"Most Sunshine Hours in a Day","2018M08","Mullingar","Number",""
"Most Sunshine Hours in a Day","2018M09","Mullingar","Number",""
"Most Sunshine Hours in a Day","2018M10","Mullingar","Number",""
"Most Sunshine Hours in a Day","2018M11","Mullingar","Number",""
"Most Sunshine Hours in a Day","2018M12","Mullingar","Number",""
"Most Sunshine Hours in a Day","2019M01","Mullingar","Number",""
"Most Sunshine Hours in a Day","2019M02","Mullingar","Number",""
"Most Sunshine Hours in a Day","2019M03","Mullingar","Number",""
"Most Sunshine Hours in a Day","2019M04","Mullingar","Number",""
"Most Sunshine Hours in a Day","2019M05","Mullingar","Number",""
"Most Sunshine Hours in a Day","2019M06","Mullingar","Number",""
"Most Sunshine Hours in a Day","2019M07","Mullingar","Number",""
"Most Sunshine Hours in a Day","2019M08","Mullingar","Number",""
"Most Sunshine Hours in a Day","2019M09","Mullingar","Number",""
"Most Sunshine Hours in a Day","2019M10","Mullingar","Number",""
"Most Sunshine Hours in a Day","2019M11","Mullingar","Number",""
"Most Sunshine Hours in a Day","2019M12","Mullingar","Number",""
"Most Sunshine Hours in a Day","2020M01","Mullingar","Number",""
"Most Sunshine Hours in a Day","2020M02","Mullingar","Number",""
"Most Sunshine Hours in a Day","2020M03","Mullingar","Number",""
"Most Sunshine Hours in a Day","2020M04","Mullingar","Number",""
"Most Sunshine Hours in a Day","2020M05","Mullingar","Number",""
"Most Sunshine Hours in a Day","2020M06","Mullingar","Number",""
"Most Sunshine Hours in a Day","2020M07","Mullingar","Number",""
"Most Sunshine Hours in a Day","2020M08","Mullingar","Number",""
"Most Sunshine Hours in a Day","2020M09","Mullingar","Number",""
"Most Sunshine Hours in a Day","2020M10","Mullingar","Number",""
"Most Sunshine Hours in a Day","2020M11","Mullingar","Number",""
"Most Sunshine Hours in a Day","2020M12","Mullingar","Number",""
"Most Sunshine Hours in a Day","2021M01","Mullingar","Number",""
"Most Sunshine Hours in a Day","2021M02","Mullingar","Number",""
"Most Sunshine Hours in a Day","2021M03","Mullingar","Number",""
"Most Sunshine Hours in a Day","2021M04","Mullingar","Number",""
"Most Sunshine Hours in a Day","2021M05","Mullingar","Number",""
"Most Sunshine Hours in a Day","2021M06","Mullingar","Number",""
"Most Sunshine Hours in a Day","2021M07","Mullingar","Number",""
"Most Sunshine Hours in a Day","2021M08","Mullingar","Number",""
"Most Sunshine Hours in a Day","2021M09","Mullingar","Number",""
"Most Sunshine Hours in a Day","2021M10","Mullingar","Number",""
"Most Sunshine Hours in a Day","2021M11","Mullingar","Number",""
"Most Sunshine Hours in a Day","2021M12","Mullingar","Number",""
"Most Sunshine Hours in a Day","2022M01","Mullingar","Number",""
"Most Sunshine Hours in a Day","2022M02","Mullingar","Number",""
"Most Sunshine Hours in a Day","2022M03","Mullingar","Number",""
